UF,StateName,ObjectName,Capital,date,win1R>50%,win2R,%1RoundVote17,%2RoundVote17,birthsJan-May-21,birthsJan-May-19,DifnubirthJan-May-21/19,%VarNuBirthJan-May-21/19,AnnualBirthRate21*,AnnBirthRate19,Births2020,%varAnnualPopGrw21vs19,AnPopGrowthRate21*,AnPopGrowthRate20,AnnualPopGrw19,ExcessDeaths21Jan-May,ExcessDeaths20,ExcessMortalityRt21,P-score21vs15-19Jan-May,P-scoreJan21vs15to19,P-scoreFev21vs15to19,P-scoreMar21vs15to19,P-scoreAbr21vs15to19,P-scoreMay21vs15to20,Births2019,Births20202,Births2021,DeathsJan-21,DeathsFev-21,DeathsMar-21,DeathsAbr-21,DeathsMay-21,Deaths2021jantomay,Deaths15-19Jan-MayAvg,Deaths19jantomay,Deaths18Jan-May,Deaths17Jan-May,Deaths16Jan-May,Deaths15Jan-May,Deaths2015,Deaths2016,Deaths2017,Deaths2018,Deaths2019,Deaths2020,Deaths2021*,AvgJan15to19Deaths,AvgFev15to19Deaths,AvgMar15to19Deaths,AvgAbr15to19Deaths,Avg15to19MayDeaths,MortalityRate/19,MortalityRate/20,MortalityRate/21,MortRatejaneiro-21/100000,MortRatefev-21/100000,MortRateMar-21/100000,MortRateAbr-21/100000,MortalRatemaio-21/100000,CasesCOVID21Jan-May,CasesCOVID20/21,ExcessDeaths2020,ExcessDeaths21Jan-May2,DeathsCOVID21Jan-May,COVIDvsExcessratio2020,DeathsCOVID20,ExcessDeathsCOVIDratio21,DeathsCOVID20/21,MORTALITYCOVID,FATALITYRATECOVID,pop/IBGE20,%pop>70a,pop>70a2019,DemgDens20/km2,canvoted18,%NotVoted18,voted18,17in1T,%1RoundVote17/2018,Ufnome,P-score21vs15-19,ExcessMortalityRate16,ExcessMortalityRate17,ExcessMortalityRate18,ExcessMortalityRate192,ExcessMortalityRate20,ExcessMortalityRate21*,IBGEpop2015,IBGEpop2016,IBGEpop2017,IBGEpop2018,IBGEpop2019,IBGEpop20,IBGEpop2021,%varAnnualPopGrw21vs192,DeathsCOVID/100mil,%votes17,%excessdeaths21Jan-May,%COVIDDeaths,%BRApop,%COVIDCases,VAR%COVIDdeath%/BRApop%,unidpoparea,Aumentorisco21vs15to19,nDFdec
AC,Acre,state,Rio Branco,6/1/2021,true,true,"0,6223842875","0,77",4991,5685,-694,"-0,122076","1,673952173","1,906715709",14813,"-0,6313549","0,8707","1,1412","1,502038132",#ERROR!,1351,"357,8101709","0,9619","0,41740312712","0,94667640614","1,48620478234","1,00506008855","0,43939393939",16912,14813,14973,419,535,817,643,437,2851,#ERROR!,#ERROR!,#ERROR!,#ERROR!,#ERROR!,#ERROR!,3113,3297,3401,3511,3665,4748,6842,294,274,326,316,304,"439,7017228","530,8171319","759,5155901","59,07","89,89","70,27","71,27","48,43",36186,78016,1351,1337,736,"0,5901081",797,#ERROR!,1533,"173,8223338","0,01964981542",881935,"0,037348676",66377,"4,47",547608,"0,23",421778,262508,"0,62",AC- Acre-1T-2T,"1,45489955","22,53005129","12,53587490","12,65436892","17,46160431","121,4125561",#ERROR!,803513,816687,829619,869265,881935,894470,900890,"-0,1293","171,3864076","0,005339511","0,0046536898","0,00376297","0,004224066","0,005369569","-0,000461096","164173,431",#ERROR!,"285,0233177"
AL,Alagoas,state,Maceió,6/1/2021,false,false,"0,3440380115","0,4",14926,16599,-1673,"-0,100789","1,33604134","1,48579326",45000,"-0,3258643","0,6689","0,7226","0,8925326239",#ERROR!,4116,"185,1096461","0,3733","0,33820564516","0,40107430618","0,64247921391","0,62207613515","0,25000000000",47121,45000,44763,1593,1567,2180,2140,1862,9342,#ERROR!,#ERROR!,#ERROR!,#ERROR!,#ERROR!,#ERROR!,16313,17112,16869,16237,17334,20889,22421,1190,1117,1323,1308,1490,"498,3973054","623,2651647","665,6424096","46,38","64,40","62,89","63,43","55,13",69066,174476,4116,2914,1744,"0,6064140",2496,#ERROR!,4240,"127,0636226","0,02430133657",3336911,"0,051192605",170848,"112,33",2187948,"0,3",1535746,528355,"0,34",AL- Alagoas-N1T-N2T,"0,63478833","23,78710334","-7,19824469","-19,01998905","32,87471557","105,7713993",#ERROR!,3340932,3358963,3375823,3322820,3337357,3351543,3368295,"-0,3311","126,5088946","0,010746939","0,0080017757","0,010407692","0,015827405","0,012008574","-0,005419713","27830,656",#ERROR!,"48,31711111"
AP,Amapá,state,Macapá,6/1/2021,false,true,"0,4073999956","0,5",4969,5234,-265,"-0,050630","1,729805877","1,822057549",12091,"-0,1441329","1,2699","1,0423","1,580171473",#ERROR!,1089,"187,9102534","0,7944","0,76020408163","0,29779837775","0,55737704918","1,18654434251","0,79439252336",15773,12091,14907,345,224,323,429,384,1705,#ERROR!,#ERROR!,#ERROR!,#ERROR!,#ERROR!,#ERROR!,2124,2069,2053,2280,2409,3276,4092,196,173,207,196,214,"365,8736117","380,1465119","469,5002668","25,67","37,01","49,16","49,16","44,00",37675,105971,1089,719,619,"0,8549128",931,#ERROR!,1550,"183,2734049","0,01462664314",845731,"0,027768877",23485,"6,04",512119,"0,2",409757,166935,"0,41",AP- Amapá-N1T-2T,"1,07573853","-7,03059587","-2,00571126","27,36608101","15,25307692","101,457382",#ERROR!,766679,782295,797722,829494,845731,861773,871565,"0,2699","179,8617501","0,003395521","0,0021852239","0,003804699","0,004069657","0,007293614","-0,000264958","142470,762",#ERROR!,"247,3450729"
AM,Amazonas,state,Manaus,6/1/2021,false,true,"0,4347787619","0,5",22575,18355,4220,"0,229910","1,609543805","1,308667842",57683,"-0,2276224","0,7527","0,9257","0,9879850803",#ERROR!,5056,"475,239445","1,2965","3,62251042149","3,55015268969","1,43858954041","0,73120262241","0,13961442786",56128,57683,67647,4111,4012,2520,1717,1466,13826,#ERROR!,#ERROR!,#ERROR!,#ERROR!,#ERROR!,#ERROR!,13744,13633,14079,14671,15180,19317,33182,864,851,1010,976,1286,"351,1407857","459,0853846","783,7200201","91,38","58,07","39,86","40,50","34,46",168912,371306,5056,8839,7327,"1,0507160",5312,#ERROR!,12639,"304,9512413","0,0340393099",4144597,"0,031481227",130477,"2,69",2428842,"0,24",1853591,805902,"0,43",AM- Amazonas-N1T-2T,"2,00134858","-2,77384400","10,97545190","14,50763133","12,28104928","98,90118559",#ERROR!,3938336,4001667,4063614,4080611,4144597,4207714,4233961,"-0,2473","300,3768792","0,01639235","0,0272256176","0,031024249","0,019870606","0,025555695","0,011153643","1559167,878",#ERROR!,"2706,888677"
BA,Bahia,state,Salvador,6/1/2021,false,false,"0,2341222046","0,27",59361,67368,-8007,"-0,118855","1,192735687","1,353619679",181136,"-0,4151288","0,4872","0,5931","0,789622098",#ERROR!,21790,"228,4691001","0,5198","0,53121991228","0,48913169376","0,67323294715","0,52792266500","0,43742678641",191660,181136,178041,8639,7754,10055,8873,8835,44156,#ERROR!,#ERROR!,#ERROR!,#ERROR!,#ERROR!,#ERROR!,70411,69522,70953,70538,74219,92919,105974,5609,5180,5990,5752,6146,"524,2845012","622,3379396","707,6164399","51,42","66,80","58,57","59,14","58,66",408147,905113,21790,15479,9405,"0,4202768",9158,#ERROR!,18563,"124,8112501","0,02050904141",14872858,"0,063242651",940612,"24,82",10392015,"0,29",7368545,1725140,"0,23",BA- Bahia-N1T-N2T,"0,79109579","-5,81937066","9,32584928","-2,80166563","24,74978246","124,9910184",#ERROR!,15203334,15276566,15344447,14812617,14873064,14930634,14976249,"-0,5128","124,328277","0,035089996","0,0456931509","0,045565562","0,070508773","0,062295766","-0,024943211","564760,427",#ERROR!,"980,4868524"
CE,Ceará,state,Fortaleza,6/1/2021,false,false,"0,2174264957","0,29",36462,38333,-1871,"-0,048809","1,190647367","1,251743885",111137,"-0,4831579","0,4064","0,6053","0,7263188072",#ERROR!,9474,"292,0867425","0,5073","0,22371765250","0,34803322746","0,82811455602","1,04467779484","0,54609209191",113935,111137,109221,4238,4416,7114,8263,6702,30733,#ERROR!,#ERROR!,#ERROR!,#ERROR!,#ERROR!,#ERROR!,44953,45283,48013,46069,47607,55859,73759,3462,3274,3890,4038,4335,"473,6857745","608,0153885","801,3567586","47,85","77,09","89,50","89,58","72,44",342829,677403,9474,11734,8008,"1,0555204",10000,#ERROR!,18008,"197,1781451","0,02658387991",9132858,"0,063441968",579357,"56,76",6343897,"0,23",4880155,1061075,"0,22",CE- Ceará-N1T-N2T,"0,78415962","3,68153064","30,26453196","-21,41995575","16,84029249","89,81146992",#ERROR!,8904459,8963663,9020460,9075649,9132078,9187103,9204290,"-0,5936","196,0139121","0,021582664","0,0298076794","0,044203235","0,043385389","0,046623282","0,000817846","148894,442",#ERROR!,"258,4972951"
DF,Distrito Federal,state,Brasília,6/1/2021,true,true,"0,583661002","0,7",16542,19470,-2928,"-0,150385","1,624339762","1,911854381",50075,"-0,4339573","0,8277","1,0527","1,457051247",#ERROR!,7007,"389,3844342","1,1916","0,44357743097","0,48850823938","1,33948339483","1,56980640357","1,06412620365",55977,50075,49611,1443,1373,2541,2811,2015,10183,#ERROR!,#ERROR!,#ERROR!,#ERROR!,#ERROR!,#ERROR!,11012,11057,11470,11185,12043,18360,24439,1000,922,1084,1074,976,"469,5679327","600,9526868","794,9708317","44,57","82,33","89,63","91,25","65,41",127643,379752,7007,5126,3565,"0,6094254",4270,#ERROR!,7835,"260,064168","0,02063188607",3012718,"0,046257248",139478,"444,66",2085825,"0,23",1604517,936494,"0,58",DF- Distrito Federal-1T-2T,"1,59383592","1,51147918","13,58801149","-9,58078840","28,47926689","207,4934807",#ERROR!,2914830,2977216,3039444,2974703,3015268,3055149,3074226,"-0,1723","256,452304","0,01904864","0,0166014238","0,019232138","0,014427707","0,026137004","0,004804431",5760,#ERROR!,10
ES,Espírito Santo,state,Vitória,6/1/2021,true,true,"0,5476085671","0,63",17948,19469,-1521,"-0,078124","1,324884623","1,437161729",54167,"-0,5448896","0,3881","0,6190","0,8278153111",#ERROR!,7956,"402,3388296","0,8358","0,57130233072","0,48191293685","0,76886537839","1,32735426009","0,68973167124",56121,54167,53844,2845,2417,3277,4153,3199,15891,#ERROR!,#ERROR!,#ERROR!,#ERROR!,#ERROR!,#ERROR!,19577,20781,21826,21646,22854,29293,38138,1811,1631,1853,1784,1893,"594,0130687","720,7831002","937,0100852","59,24","80,32","101,77","101,79","78,29",188892,437862,7956,6920,4494,"0,6405068",5096,#ERROR!,9590,"238,6373533","0,02190187776",4018650,"0,057559844",159958,"76,25",2754739,"0,26",2049148,1122131,"0,55",ES- Espírito Santo-1T-2T,"1,20475314","30,29924023","26,01860990","-4,53127942","30,05984597","159,2422847",#ERROR!,3929911,3973697,4016356,3972388,4018650,4064052,4070223,"-0,6119","235,9713901","0,022824566","0,0221608905","0,023540039","0,019192174","0,030136512","0,004347865","46074,447",#ERROR!,"79,99035938"
GO,Goiás,state,Goiânia,6/1/2021,true,true,"0,5723757339","0,66",26801,29594,-2793,"-0,094377","1,130281126","1,248070581",81059,"-0,6384068","0,2869","0,5357","0,6823109806",#ERROR!,10460,"378,3763285","0,8251","0,33078422552","0,52688351869","1,45563636364","1,08572020153","0,63982179575",83195,81059,80121,3609,3696,6823,6153,4785,25066,#ERROR!,#ERROR!,#ERROR!,#ERROR!,#ERROR!,#ERROR!,32666,31594,32598,32786,35308,43450,60158,2668,2392,2750,2898,2918,"476,1764185","610,8069962","845,0703038","51,19","94,66","84,72","86,25","66,84",244624,553051,10460,11441,8331,"0,6505985",6805,#ERROR!,15136,"215,5847737","0,02736818123",7020904,"0,052397328",367743,"17,65",4454402,"0,27",3264789,1868686,"0,57",GO- Goiás-1T-2T,"1,15957929","-16,00990464","14,81094216","2,71630728","35,92130016","115,3500744",#ERROR!,6610681,6695855,6778772,6921161,7018354,7113540,7118745,"-0,7131","212,7773232","0,038009776","0,0343485208","0,037153496","0,033593147","0,038064568","0,003560349","340242,854",#ERROR!,"590,6993993"
MA,Maranhão,state,São Luís,6/1/2021,false,false,"0,2428103126","0,27",30250,33195,-2945,"-0,088718","1,275546419","1,399727715",92232,"-0,2654568","0,8018","0,8852","1,101936473",#ERROR!,6506,"175,181161","0,4247","0,55703241557","0,69916855631","1,08701056557","0,96544403821","0,40716612378",102138,92232,90738,2339,2287,3386,3372,3024,14408,#ERROR!,#ERROR!,#ERROR!,#ERROR!,#ERROR!,#ERROR!,22003,22477,23402,23432,24174,29604,34579,1475,1323,1609,1696,2149,"314,4380048","416,1022169","482,8064971","31,35","46,82","46,47","47,02","41,62",66828,267548,6506,6157,2810,"0,6923952",4505,#ERROR!,7315,"103,3895811","0,02734088836",7075181,"0,04949513",350187,"19,81",4536954,"0,26",3366871,817511,"0,24",MA- Maranhão-N1T-N2T,"0,67897065","6,81618559","13,21385343","0,42643590","10,48736421","76,07376437",#ERROR!,6904241,6954036,7000229,7035055,7075181,7114598,7162124,"-0,1982","102,8167719","0,016628481","0,0123243936","0,017955723","0,033598143","0,018414394","-0,01564242","329651,495",#ERROR!,"572,3116233"
MT,Mato Grosso,state,Cuiabá,6/1/2021,true,true,"0,6003900532","0,65",18294,19748,-1454,"-0,073628","1,556397502","1,68009937",54156,"-0,4480488","0,7190","0,9718","1,14872695",#ERROR!,5439,"407,5682314","0,9391","0,60419053855","0,55867970660","1,42674680691","1,14799281007","0,82979048784",55954,54156,54522,1964,1792,3247,2949,2393,12345,#ERROR!,#ERROR!,#ERROR!,#ERROR!,#ERROR!,#ERROR!,14131,13670,14953,15597,15927,20295,29628,1222,1145,1331,1335,1308,"411,1768409","575,545485","835,9887101","50,26","90,95","80,75","83,03","57,95",182542,363366,5439,6004,5293,"0,8335478",4534,#ERROR!,9827,"282,0231278","0,02704435748",3484466,"0,04467112",155655,"3,36",2330024,"0,3",1634136,981119,"0,6",MT- Mato Grosso-1T-2T,"1,35986574","-13,94632209","38,36098434","18,71006317","9,47060468","124,1499156",#ERROR!,3265486,3305531,3344544,3441998,3484466,3526220,3544067,"-0,2810","278,6836896","0,019956329","0,0185235838","0,02412179","0,016652303","0,025009212","0,007469487","903207,05",#ERROR!,"1568,067795"
MS,Mato Grosso do Sul,state,Campo Grande,6/1/2021,true,true,"0,5505699938","0,66",14938,16432,-1494,"-0,090920","1,595148278","1,754684462",42528,"-0,4474130","0,6774","0,8482","1,094967733",#ERROR!,4205,"423,2161218","0,8436","0,60317731466","0,48759559784","0,95623775310","1,20836033701","0,88743733860",45762,42528,44718,1877,1595,2399,2733,2485,11089,#ERROR!,#ERROR!,#ERROR!,#ERROR!,#ERROR!,#ERROR!,13853,15179,14338,15056,15333,18957,26614,1171,1072,1225,1234,1317,"548,1253252","674,7718547","943,4298697","56,39","84,71","96,38","96,63","83,19",114142,249033,4205,5070,3435,"0,5623989",2365,#ERROR!,5800,"208,7092198","0,02329008605",2778986,"0,064759559",260246,"6,86",1877705,"0,26",1396945,769116,"0,55",MS- Mato Grosso do Sul-1T-2T,"1,17580637","49,43360128","-30,99721467","26,12787448","9,96766446","129,3104832",#ERROR!,2651235,2682386,2713147,2748023,2778986,2809394,2820941,"-0,3226","206,4502167","0,015644109","0,0148242479","0,014236937","0,013267148","0,017140071","0,000969789","357147,994",#ERROR!,"620,0486007"
MG,Minas Gerais,state,Belo Horizonte,6/1/2021,false,true,"0,4830892941","0,58",83995,90337,-6342,"-0,070204","1,183435649","1,272790359",247040,"-0,6975771","0,2103","0,4686","0,6094018312",#ERROR!,25631,"401,66362","0,7615","0,49989110420","0,48506112362","0,94024043886","1,01416030010","0,58896236668",256770,247040,251178,15151,13475,19997,20616,17252,86491,#ERROR!,#ERROR!,#ERROR!,#ERROR!,#ERROR!,#ERROR!,118272,120570,122868,121597,127767,147846,207578,10101,9064,10281,10183,10857,"593,965077","694,3517547","975,2251073","63,08","93,49","96,13","96,62","80,56",816761,1366602,25631,36004,21977,"0,4689597",12020,#ERROR!,33997,"160,5996299","0,02487703077",21168791,"0,074957186",1586753,"36,3",15698955,"0,3",10987714,5308047,"0,48",MG- Minas Gerais-N1T-2T,"1,11660803","10,94412875","10,88092087","-6,04068446","29,14668107","94,409508",#ERROR!,20869101,20997560,21119536,21040662,21168791,21292666,21285178,"-0,7897","159,6653045","0,107967671","0,1153213789","0,083450543","0,100552981","0,094058442","-0,017102438","586513,993",#ERROR!,"1018,25346"
PA,Pará,state,Belém,6/1/2021,false,false,"0,3619092218","0,45",37332,41635,-4303,"-0,103351","1,288681235","1,437218558",109405,"-0,2187390","0,8782","0,8584","1,074339769",#ERROR!,8833,"115,1321209","0,2662","0,30449476174","0,42011465603","1,00440991180","0,79871741829","0,13447452885",120771,109405,111954,2316,2292,3829,3498,2757,14692,#ERROR!,#ERROR!,#ERROR!,#ERROR!,#ERROR!,#ERROR!,25378,25659,26705,27556,28347,35562,35261,1775,1605,1905,1934,2430,"325,1044646","409,1939184","402,5819003","26,00","43,55","39,67","39,90","31,01",180349,473539,8833,5043,5975,"0,8162572",7210,#ERROR!,13185,"153,2628956","0,02784353559",8602865,"0,038466836",330925,"6,07",5498941,"0,25",4142735,1499294,"0,36",PA- Pará-N1T-N2T,"0,54316341","3,39670464","12,50204981","9,99589240","9,19461133","83,15365689",#ERROR!,8175113,8272724,8366628,8513497,8602865,8690745,8758665,"-0,1218","151,7131155","0,030496203","0,0102699544","0,032364485","0,041041376","0,032592035","-0,008676891","1245870,707",#ERROR!,"2162,969977"
PB,Paraíba,state,João Pessoa,6/1/2021,false,false,"0,312955082","0,35",18438,20094,-1656,"-0,082413","1,369403485","1,492395793",53582,"-0,3824108","0,5183","0,5925","0,8279230597",#ERROR!,5813,"241,9803671","0,4290","0,38818963709","0,27658402204","0,50276553858","0,58952555802","0,40812100477",57620,53582,55311,2658,2321,3231,3352,3128,14690,#ERROR!,#ERROR!,#ERROR!,#ERROR!,#ERROR!,#ERROR!,23162,24954,23854,23487,24353,29775,35256,1907,1815,2133,2070,2221,"657,7414721","737,1368688","870,4065477","57,07","78,96","81,03","82,56","72,58",126237,293717,5813,4544,3134,"0,6337519",3684,#ERROR!,6818,"169,6810479","0,0232128205",4018127,"0,07004358",281444,"66,7",2868028,"0,24",2165544,677718,"0,31",PB- Paraíba-N1T-N2T,"0,68633568","44,80655296","-27,32540433","-9,18304435","21,55233023","134,1437045",#ERROR!,3972202,3999415,4025558,3996496,4018127,4039277,4050521,"-0,4817","168,7925834","0,013785039","0,0131823406","0,016735765","0,019075176","0,020215515","-0,002339411","56467,242",#ERROR!,"98,03340625"
PR,Paraná,state,Curitiba,6/1/2021,true,true,"0,568926934","0,68",49687,54938,-5251,"-0,095580","1,294287322","1,431069634",147954,"-0,6193452","0,3256","0,5972","0,7793889727",#ERROR!,12205,"437,92896","0,8285","0,41706924316","0,46761342526","1,15153441396","0,87289088864","0,79123581124",158678,147954,149049,7696,7245,12414,10531,10636,48522,#ERROR!,#ERROR!,#ERROR!,#ERROR!,#ERROR!,#ERROR!,64623,68546,65915,68663,69563,79667,116453,5341,4845,5663,5512,5938,"582,0346553","691,7435685","1010,845605","61,54","105,46","89,34","91,14","91,47",531863,951882,12205,21224,14503,"0,6605490",8062,#ERROR!,22565,"197,3507509","0,0237056694",11433957,"0,069158298",790753,"52,4",7972308,"0,23",6145689,3496448,"0,57",PR- Paraná-1T-2T,"1,11075414","34,89369121","-23,24021817","24,21372151","7,87129075","87,84372858",#ERROR!,11163018,11242720,11320892,11348937,11433957,11516840,11520335,"-0,6744","195,9304809","0,071119066","0,0621211917","0,055389049","0,054387393","0,065514713","0,001001656","199298,982",#ERROR!,"346,0051771"
PE,Pernambuco,state,Recife,6/1/2021,false,false,"0,3057394625","0,34",41123,46176,-5053,"-0,109429","1,282872643","1,440505974",123469,"-0,4328455","0,4673","0,5302","0,8110539306",#ERROR!,19014,"255,9918054","0,5055","0,30247740931","0,22650976099","0,48290130218","0,56071428571","0,71341359290",133458,123469,123369,6025,5380,7313,7444,8027,34189,#ERROR!,#ERROR!,#ERROR!,#ERROR!,#ERROR!,#ERROR!,52458,54252,53505,52731,55945,72792,82054,4626,4385,4930,4760,4685,"621,6424667","756,9394697","851,4060242","55,66","75,67","76,89","77,05","82,60",184454,408763,19014,10803,4433,"0,5088935",9676,#ERROR!,14109,"147,6220236","0,03451633343",9557517,"0,061289698",585750,"89,62",6569262,"0,28",4725216,1444685,"0,31",PE- Pernambuco-N1T-N2T,"0,68810455","19,06414394","-7,88534809","-8,15054799","33,62798099","175,3399234",#ERROR!,9345173,9410336,9473266,9496294,9557071,9616621,9637423,"-0,5327","146,7147348","0,029385436","0,0304533816","0,034632577","0,045413754","0,028133729","-0,010781177","98067,88",#ERROR!,"170,2567361"
PI,Piauí,state,Teresina,6/1/2021,false,false,"0,1876445082","0,23",11397,15071,-3674,"-0,243779","1,041938394","1,377823421",34456,"-0,4276057","0,5258","0,5824","0,7848829305",#ERROR!,-43,"63,81039474","0,0540","0,25342465753","0,15416408349","0,29331565991","0,65348796345","-0,05369409786",41957,34456,34191,1281,1118,1368,1891,1350,7008,#ERROR!,#ERROR!,#ERROR!,#ERROR!,#ERROR!,#ERROR!,14998,14874,15404,15658,16266,15397,16819,1022,968,1056,1138,1427,"461,5905018","469,2090154","510,5008215","33,86","41,41","57,05","57,33","40,14",97630,242336,-43,1397,2304,"-66,1162791",2843,#ERROR!,5147,"157,282914","0,02123910603",3272447,"0,059285531",194055,"12,4",2370421,"0,22",1848943,346944,"0,19",PI- Piauí-N1T-N2T,"0,27328492","-3,86030671","16,46342619","7,78059697","18,57936889","-26,40128865",#ERROR!,3204028,3212180,3219257,3264531,3273227,3281480,3294647,"-0,4742","156,8499579","0,007056971","0,0016755376","0,012634054","0,015496537","0,01667914","-0,002862483","251755,485",#ERROR!,"437,0754948"
RJ,Rio de Janeiro,state,Rio de Janeiro,6/1/2021,true,true,"0,5978579003","0,68",64104,74181,-10077,"-0,135843","1,107393223","1,281472867",195144,"-0,9973800","0,0013","0,1293","0,4756864821",#ERROR!,48364,"389,2533736","0,6069","0,65511301571","0,48495266802","0,78156819508","0,99022476807","0,55073815347",211629,195144,192303,15783,12676,16950,19435,17626,82470,#ERROR!,#ERROR!,#ERROR!,#ERROR!,#ERROR!,#ERROR!,119388,125799,122072,125540,129502,172824,197928,9521,8493,9251,9637,11366,"822,6157161","995,1751648","1143,35948","72,62","94,91","110,44","111,91","101,29",306463,745456,48364,34202,19090,"0,5325677",25757,#ERROR!,44847,"259,7575909","0,06016049237",17264943,"0,080022216",1381579,"365,23",12406805,"0,31",8543393,5107735,"0,6",RJ- Rio de Janeiro-1T-2T,"0,87893211","38,53691718","-22,29206178","20,20983732","22,94823678","249,46175583",#ERROR!,16550024,16635996,16718956,17159960,17264943,17366189,17311091,"-0,9987","258,2431874","0,10389325","0,0900448255","0,110083433","0,082010494","0,051307132","0,028072939","43750,426",#ERROR!,"75,95560069"
RN,Rio Grande do Norte,state,Natal,6/1/2021,false,false,"0,3021046694","0,37",13546,14817,-1271,"-0,085780","1,149861424","1,257751124",40095,"-0,4032914","0,4593","0,5832","0,7104945659",#ERROR!,2353,"201,8297679","0,3598","0,31441669301","0,34605510868","0,68673069119","0,66597395400","0,31051855493",43279,40095,40638,1671,1579,2500,2414,2133,10297,#ERROR!,#ERROR!,#ERROR!,#ERROR!,#ERROR!,#ERROR!,16354,17466,17001,17266,18363,19643,24713,1265,1169,1479,1444,1628,"52363,18717","555,8031388","697,331085","44,30","70,25","67,74","67,99","59,54",105610,22488,2353,3313,2499,"1,2779431",3007,#ERROR!,5506,"157,0068663","0,2448416933",3506853,"0,065219158",228714,"59,99",2373957,"0,25",1792253,541448,"0,3",RN- Rio Grande do Norte-N1T-N2T,"0,60352440","32,00001842","-13,25918455","7,61710947","31,28160775","36,28832777",#ERROR!,3442175,3474998,3507003,3479010,3506853,3534165,3543912,"-0,5407","155,7935184","0,011013256","0,0082364406","0,013515272","0,016689823","0,00154777","-0,003174551","52809,601",#ERROR!,"91,68333507"
RS,Rio Grande do Sul,state,Porto Alegre,6/1/2021,true,true,"0,5262701736","0,63",44316,47677,-3361,"-0,070495","1,163865134","1,252134624",131529,"-1,0223922","-0,0123","0,3323","0,4989171802",#ERROR!,16103,"516,0129782","0,8693","0,55794707744","0,60387617975","1,71810250818","0,93316905864","0,59462529519",136788,131529,132948,8962,8262,15954,11619,10669,55466,#ERROR!,#ERROR!,#ERROR!,#ERROR!,#ERROR!,#ERROR!,73912,78471,76337,79350,80025,93722,133118,5752,5149,5869,6006,6691,"706,602388","820,4694172","1168,779412","72,31","139,67","101,66","101,73","93,38",527907,979807,16103,25999,16198,"0,5558592",8951,#ERROR!,25149,"221,0466001","0,02566729978",11377239,"0,07131389",3274666,"37,96",8353657,"0,24",6372436,3353623,"0,53",RS- Rio Grande do Sul-1T-2T,"1,28561659","40,39339033","-18,84677019","26,59404278","5,93289813","119,9907561",#ERROR!,11247972,11286500,11322895,11329605,11377239,11422973,11389523,"-1,0123","220,1615989","0,068213952","0,0814705869","0,06173185","0,053944113","0,067436693","0,007787737","281707,149",#ERROR!,"489,0749115"
RO,Rondônia,state,Porto Velho,6/1/2021,true,true,"0,6223960893","0,72",8089,9056,-967,"-0,106780","1,350823286","1,512307538",21216,"-0,6879816","0,3377","0,6749","1,003361983",#ERROR!,2011,"564,9143465","1,4105","0,93719972546","1,56344171293","2,13694766531","1,44058229352","0,99284380834",25337,21216,24267,1129,1293,2006,1649,1281,7358,#ERROR!,#ERROR!,#ERROR!,#ERROR!,#ERROR!,#ERROR!,6885,7212,7171,7275,7505,9221,17659,583,504,638,673,643,"441,702014","513,2872427","981,8013814","71,73","111,07","91,15","91,48","70,73",117053,213117,2011,4317,3354,"0,9093169",1829,#ERROR!,5183,"291,6344301","0,02431997447",1777225,"0,034519551",30444,"6,58",1175617,"0,26",864901,538311,"0,62",RO- Rondônia-1T-2T,"1,96298105","18,29596834","-2,27047693","5,91719680","12,94152401","95,90771398",#ERROR!,1768204,1787279,1805788,1757589,1777225,1796460,1798653,"-0,6623","288,5118511","0,010949448","0,0136755854","0,012722421","0,008483644","0,014668099","0,004238777","237765,347",#ERROR!,"412,7870608"
RR,Roraima,state,Boa Vista,6/1/2021,true,true,"0,6297455092","0,72",3606,4550,-944,"-0,207473","1,713929919","2,162612626",11076,"-0,3837938","1,1825","1,3164","1,840494849",#ERROR!,1152,"249,7005425","0,8583","0,75279329609","0,91441441441","0,97643979058","1,08894878706","0,59698025552",13518,11076,10818,260,255,314,318,275,1422,#ERROR!,#ERROR!,#ERROR!,#ERROR!,#ERROR!,#ERROR!,1521,1584,1943,2333,2369,3102,3413,143,133,153,148,172,"320,8271478","491,4596605","535,145586","39,93","47,29","48,54","49,79","43,06",28105,96576,1152,672,725,"0,6883681",793,#ERROR!,1518,"250,5938811","0,01571819085",605761,"0,025442377",15412,"2,01",333591,"0,17",276788,174306,"0,63",RR- Roraima-1T-2T,"1,23242812","12,25135105","68,69025479","67,64163117","5,94293789","118,4538755",#ERROR!,505665,514229,522636,576568,605761,631181,637733,"0,1825","240,501536","0,00354545","0,0019939047","0,00372615","0,002980704","0,006646989","0,000745446","223644,527",#ERROR!,"388,2717483"
SC,Santa Catarina,state,Florianópolis,6/1/2021,true,true,"0,6581920697","0,76",33750,35198,-1448,"-0,041139","1,396069936","1,455966506",99462,"-0,4590557","0,4952","0,7439","0,8527258587",#ERROR!,9521,"405,6233542","0,9079","0,58319362951","0,57963246554","1,41094493542","1,10655107320","0,67237225815",99860,99462,101250,4541,4137,7118,6057,5276,27129,#ERROR!,#ERROR!,#ERROR!,#ERROR!,#ERROR!,#ERROR!,34132,36487,36030,37783,38764,46160,65110,2863,2612,2942,2861,3155,"551,5613784","636,4700072","895,3015972","56,61","97,32","82,68","83,10","72,35",395322,890577,9521,12696,8307,"0,5566759",5300,#ERROR!,13607,"189,9149005","0,01527885854",7164788,"0,065036677",465974,"65,27",5073479,"0,22",3955783,2603665,"0,66",SC- Santa Catarina-1T-2T,"1,30645400","34,07831472","-6,52748880","24,77565524","13,69196130","102,4647795",#ERROR!,6819190,6910553,7001161,7075494,7164788,7252502,7272365,"-0,5048","187,618011","0,052959525","0,0400395194","0,033400345","0,034249384","0,061295304","-0,000849039","95730,684",#ERROR!,"166,1991042"
SP,São Paulo,state,São Paulo,6/1/2021,true,true,"0,5300444971","0,68",185309,212245,-26936,"-0,126910","1,200982956","1,375554493",559597,"-0,7888641","0,1551","0,4434","0,6847572126",#ERROR!,85250,"458,2400423","0,8576","0,45425653478","0,54192962135","1,03670006920","1,20891374701","0,73934249910",594751,559597,555930,32589,30895,47695,50257,41723,203159,#ERROR!,#ERROR!,#ERROR!,#ERROR!,#ERROR!,#ERROR!,261023,271509,268662,272132,280317,355979,487582,22403,20029,23411,22742,23988,"646,9114601","769,0303077","1054,554651","66,61","102,85","108,36","108,40","89,86",1446744,2918044,85250,90585,49893,"0,5508127",46957,#ERROR!,96850,"210,9146468","0,033190041",45919049,"0,087359068",993905,"166,23",33042545,"0,29",23352779,12378012,"0,53",SP- São Paulo- 1T - 2T,"1,21425357","23,43255985","-6,31335727","7,61985304","17,82484650","164,0451538",#ERROR!,44396484,44749699,45094866,45538936,45919049,46289333,46235783,"-0,8449","209,2274693","0,251773416","0,2841336604","0,237732301","0,218597822","0,200838775","0,019134479","248219,481",#ERROR!,"430,936599"
SE,Sergipe,state,Aracaju,6/1/2021,false,false,"0,2721110507","0,32",10001,11409,-1408,"-0,123411","1,293889742","1,476051202",30145,"-0,3269806","0,6264","0,6916","0,9337467851",#ERROR!,3761,"207,6988682","0,5510","0,15468647586","0,21504339441","0,46077638496","0,75127442651","0,67300380228",32469,30145,30003,1057,1010,1449,1650,1584,6750,#ERROR!,#ERROR!,#ERROR!,#ERROR!,#ERROR!,#ERROR!,10397,10427,10509,10085,11005,14246,16200,915,830,989,942,947,"553,3413086","614,3636726","695,7044544","43,20","61,93","70,67","70,71","67,80",89159,203036,3761,2127,1810,"0,6625193",2492,#ERROR!,4302,"187,1328138","0,02118836068",2298902,"0,050133206",115241,"94,36",1577123,"0,28",1140380,310310,"0,27",SE- Sergipe-N1T-N2T,"0,76545069","1,32404793","3,58373439","-18,61030203","40,01910477","140,0120356",#ERROR!,2242937,2265779,2288116,2278308,2298696,2318822,2328575,"-0,3736","185,5252365","0,006311822","0,0065579137","0,01055988","0,010950459","0,013974259","-0,000390579","21938,184",#ERROR!,"38,087125"
TO,Tocantins,state,Palmas,6/1/2021,false,false,"0,4463528728","0,49",6442,6469,-27,"-0,004174","1,215282145","1,22037569",19739,"-0,3115065","0,5963","0,8020","0,8296320221",#ERROR!,939,"233,6812014","0,5626","0,27873563218","0,44094847241","0,97331740342","0,99961360124","0,52078774617",19592,19739,19326,623,632,991,1041,834,4121,#ERROR!,#ERROR!,#ERROR!,#ERROR!,#ERROR!,#ERROR!,5876,5842,6447,6215,6543,7124,9890,487,439,502,518,548,"363,7168542","447,9804408","619,2293942","39,51","61,95","64,70","65,07","51,63",70468,160449,939,1627,1334,"1,3178625",1238,#ERROR!,2572,"163,5231482","0,01603001577",1572866,"0,048161128",75751,"4,98",1039188,"0,27",756760,337782,"0,45",TO- Tocantins-N1T-N2T,"0,87357241","-2,21801524","39,02737335","-14,91741731","20,85365187","36,64503075",#ERROR!,1515126,1532902,1550194,1555229,1572866,1590248,1597211,"-0,4037","161,7357796","0,006870613","0,0044735808","0,006313345","0,007509824","0,011043144","-0,001196479","277423,63",#ERROR!,"481,6382465"